{
    "name": "Global Information",
    "numberOfRequests": {
        "total": 240000,
        "ok": 141160,
        "ko": 98840
    },
    "minResponseTime": {
        "total": 100,
        "ok": 100,
        "ko": 2726
    },
    "maxResponseTime": {
        "total": 123303,
        "ok": 123303,
        "ko": 122746
    },
    "meanResponseTime": {
        "total": 52719,
        "ok": 48277,
        "ko": 59063
    },
    "standardDeviation": {
        "total": 34108,
        "ok": 35162,
        "ko": 31475
    },
    "percentiles1": {
        "total": 55945,
        "ok": 57192,
        "ko": 54169
    },
    "percentiles2": {
        "total": 77079,
        "ok": 72826,
        "ko": 89443
    },
    "percentiles3": {
        "total": 112466,
        "ok": 115749,
        "ko": 108739
    },
    "percentiles4": {
        "total": 119728,
        "ok": 120219,
        "ko": 116803
    },
    "group1": {
    "name": "t < 800 ms",
    "count": 15626,
    "percentage": 7
},
    "group2": {
    "name": "800 ms < t < 1200 ms",
    "count": 1141,
    "percentage": 0
},
    "group3": {
    "name": "t > 1200 ms",
    "count": 124393,
    "percentage": 52
},
    "group4": {
    "name": "failed",
    "count": 98840,
    "percentage": 41
},
    "meanNumberOfRequestsPerSecond": {
        "total": 781.7589576547231,
        "ok": 459.8045602605863,
        "ko": 321.95439739413683
    }
}