{
    "name": "Global Information",
    "numberOfRequests": {
        "total": 153000,
        "ok": 92340,
        "ko": 60660
    },
    "minResponseTime": {
        "total": 100,
        "ok": 100,
        "ko": 1581
    },
    "maxResponseTime": {
        "total": 121255,
        "ok": 120981,
        "ko": 121255
    },
    "meanResponseTime": {
        "total": 45293,
        "ok": 37867,
        "ko": 56598
    },
    "standardDeviation": {
        "total": 36399,
        "ok": 35754,
        "ko": 34410
    },
    "percentiles1": {
        "total": 37263,
        "ok": 25519,
        "ko": 52873
    },
    "percentiles2": {
        "total": 71086,
        "ok": 68642,
        "ko": 87457
    },
    "percentiles3": {
        "total": 115808,
        "ok": 115742,
        "ko": 115843
    },
    "percentiles4": {
        "total": 120146,
        "ok": 119581,
        "ko": 120379
    },
    "group1": {
    "name": "t < 800 ms",
    "count": 16458,
    "percentage": 11
},
    "group2": {
    "name": "800 ms < t < 1200 ms",
    "count": 1524,
    "percentage": 1
},
    "group3": {
    "name": "t > 1200 ms",
    "count": 74358,
    "percentage": 49
},
    "group4": {
    "name": "failed",
    "count": 60660,
    "percentage": 40
},
    "meanNumberOfRequestsPerSecond": {
        "total": 768.8442211055276,
        "ok": 464.02010050251255,
        "ko": 304.8241206030151
    }
}