{
    "name": "Global Information",
    "numberOfRequests": {
        "total": 180000,
        "ok": 112928,
        "ko": 67072
    },
    "minResponseTime": {
        "total": 100,
        "ok": 100,
        "ko": 1559
    },
    "maxResponseTime": {
        "total": 147822,
        "ok": 140893,
        "ko": 147822
    },
    "meanResponseTime": {
        "total": 54519,
        "ok": 51256,
        "ko": 60014
    },
    "standardDeviation": {
        "total": 40210,
        "ok": 41595,
        "ko": 37122
    },
    "percentiles1": {
        "total": 46286,
        "ok": 40408,
        "ko": 55211
    },
    "percentiles2": {
        "total": 89182,
        "ok": 85739,
        "ko": 89806
    },
    "percentiles3": {
        "total": 121426,
        "ok": 120465,
        "ko": 127111
    },
    "percentiles4": {
        "total": 143485,
        "ok": 135832,
        "ko": 146220
    },
    "group1": {
    "name": "t < 800 ms",
    "count": 15441,
    "percentage": 9
},
    "group2": {
    "name": "800 ms < t < 1200 ms",
    "count": 1164,
    "percentage": 1
},
    "group3": {
    "name": "t > 1200 ms",
    "count": 96323,
    "percentage": 54
},
    "group4": {
    "name": "failed",
    "count": 67072,
    "percentage": 37
},
    "meanNumberOfRequestsPerSecond": {
        "total": 800.0,
        "ok": 501.90222222222224,
        "ko": 298.09777777777776
    }
}